{"loss": [18295.82421875, 14737.6435546875, 13495.9375, 12978.9345703125, 12727.166015625, 12531.1572265625, 11960.5732421875, 12158.3427734375, 12133.408203125, 12048.8779296875, 11953.9150390625, 12179.609375, 11710.57421875, 12146.8203125, 11658.4892578125, 11474.005859375, 11525.615234375, 11607.162109375, 11351.892578125, 11380.59765625, 11374.0625, 11542.1103515625, 11491.783203125, 11473.1630859375, 11745.7763671875, 12185.5576171875, 11700.6953125, 11583.2763671875, 11350.8720703125, 11298.5732421875, 11407.98828125, 11449.8212890625, 11225.0859375, 11032.2958984375, 11168.708984375, 11180.123046875, 12078.177734375, 11486.650390625, 11137.037109375, 11154.2734375, 11223.734375, 10913.6318359375, 11948.953125, 11521.625, 11060.359375, 11134.5107421875, 11182.9072265625, 11021.28515625, 11198.708984375, 11270.201171875, 11151.3564453125, 10909.2900390625, 11093.798828125, 11411.0771484375, 11205.458984375, 11026.484375, 11028.9892578125, 11506.3056640625, 11172.2958984375, 10974.203125, 11470.44921875, 10987.9404296875, 11073.4169921875, 11157.0888671875, 11065.138671875, 8552.9775390625, 8218.1728515625, 7111.015625, 7081.7626953125, 6632.5341796875, 6913.98779296875, 7112.06005859375, 7504.55224609375, 7552.4892578125, 7365.046875, 7905.19091796875, 7350.71142578125, 7549.2724609375, 6990.796875, 7090.35693359375, 7132.74560546875, 6761.818359375, 6774.37939453125, 6841.677734375, 6508.8271484375, 6730.2119140625, 6885.45263671875, 7378.6884765625, 7741.92822265625, 7084.46337890625, 6958.63720703125, 6667.638671875, 6806.04541015625, 6967.0927734375, 6727.94189453125, 6638.1435546875, 6925.24853515625, 6563.5224609375, 7084.765625, 6833.9599609375], "val_loss": [24603.037109375, 19877.8125, 19028.228515625, 18261.908203125, 17418.716796875, 17697.71484375, 17468.349609375, 17375.326171875, 17281.9375, 17339.767578125, 17050.798828125, 16958.5234375, 17686.693359375, 17125.732421875, 16816.322265625, 16957.693359375, 17003.84765625, 16791.890625, 16750.384765625, 17119.1484375, 16909.70703125, 16866.7578125, 17177.318359375, 16761.416015625, 16618.611328125, 18250.1171875, 16850.90625, 17198.7421875, 16504.701171875, 17261.103515625, 16613.27734375, 16779.42578125, 16631.66015625, 16454.71875, 16441.3359375, 16677.5625, 16577.978515625, 16626.279296875, 16223.4189453125, 17892.064453125, 16567.365234375, 16692.408203125, 16770.091796875, 16442.021484375, 16549.126953125, 16526.1796875, 16528.455078125, 16588.361328125, 16576.041015625, 16792.2109375, 16927.07421875, 16662.654296875, 17650.998046875, 16533.927734375, 16544.462890625, 16687.01171875, 16548.76953125, 16643.39453125, 16394.796875, 16451.3125, 16410.455078125, 16330.7587890625, 16780.5390625, 17393.28125, 15423.1376953125, 12551.8984375, 11350.7177734375, 11354.2822265625, 11698.4541015625, 11054.8359375, 10978.4033203125, 11713.3486328125, 11495.65625, 11658.9609375, 11382.9248046875, 11324.5322265625, 11425.2587890625, 11231.001953125, 10910.7353515625, 11151.359375, 11246.943359375, 10896.525390625, 11690.1845703125, 10968.970703125, 10922.421875, 11299.333984375, 11353.173828125, 12822.3046875, 12347.33984375, 11204.67578125, 11141.62109375, 11107.5390625, 11007.0380859375, 12156.7666015625, 11018.921875, 10797.4931640625, 11074.4501953125, 10957.509765625, 11057.6083984375, 10911.6806640625]}