{"loss": [36243.71484375, 17910.365234375, 16946.650390625, 15748.4658203125, 11888.3408203125, 10768.51953125, 9986.2412109375, 13512.9111328125, 12184.0126953125, 10536.919921875, 8750.0625, 8586.494140625, 10451.69921875, 8439.4443359375, 7584.455078125, 7877.4453125, 7296.5126953125, 7979.0673828125, 11492.611328125, 7152.9541015625, 8365.36328125, 9236.3134765625, 8856.58203125, 7173.78125, 6464.283203125, 6845.70703125, 11160.6298828125, 7988.75, 6771.92138671875, 6015.6396484375, 6110.43212890625, 7000.12109375, 6809.38330078125, 7082.60693359375, 6307.0048828125, 5703.4921875, 9774.2978515625, 7967.763671875, 7429.73828125, 7215.333984375, 9102.654296875, 7662.48876953125, 6723.66259765625, 5540.35693359375, 5807.57666015625, 5500.48974609375, 5686.88134765625, 6299.06298828125, 7489.1533203125, 9553.435546875, 7532.05029296875, 6297.85595703125, 6396.74853515625, 6988.4716796875, 10249.6025390625, 5623.9150390625, 5656.8984375, 6116.29150390625, 6013.53662109375, 6869.3017578125, 6556.123046875, 5960.30517578125, 6376.70849609375, 6204.5439453125, 5385.9580078125, 6123.8212890625, 6297.375, 5965.75732421875, 6096.8056640625, 6675.02392578125, 8527.115234375, 5241.583984375, 6326.88232421875, 9186.1767578125, 5920.7275390625, 5638.48828125, 5685.7666015625, 6264.11669921875, 5551.07177734375, 6036.5263671875, 5151.85205078125, 5196.509765625, 6389.20703125, 5775.587890625, 6144.322265625, 5201.53076171875, 6009.0302734375, 5849.6259765625, 5535.30419921875, 5778.2509765625, 5991.44384765625, 5009.435546875, 6065.54541015625, 5058.96630859375, 4951.4658203125, 6485.88330078125, 5318.52099609375, 7058.46337890625, 9707.8818359375, 6586.587890625], "val_loss": [16562.587890625, 13045.775390625, 14665.2958984375, 10798.7177734375, 9752.609375, 9468.2255859375, 8908.0, 7921.72900390625, 8868.84765625, 11173.4091796875, 8662.6669921875, 11669.6064453125, 6777.12744140625, 6744.92822265625, 7522.0390625, 6623.84814453125, 5200.18310546875, 22155.7890625, 7316.23193359375, 8222.8125, 11677.439453125, 12264.7041015625, 6573.55712890625, 5869.40087890625, 5168.234375, 11719.7666015625, 5909.10205078125, 5625.01416015625, 5902.43701171875, 4845.7724609375, 4643.65185546875, 10615.279296875, 4728.529296875, 5993.11572265625, 4326.89404296875, 4789.07177734375, 12529.5576171875, 5407.478515625, 5649.6533203125, 4605.20263671875, 9256.134765625, 5018.7080078125, 7958.3525390625, 4391.6611328125, 4268.0283203125, 4414.24853515625, 4585.46142578125, 6189.7880859375, 5068.0654296875, 17723.103515625, 5602.6845703125, 4574.54541015625, 5579.79931640625, 5700.99267578125, 4570.54931640625, 4831.42333984375, 4824.55859375, 7425.40966796875, 4932.30859375, 7973.234375, 4642.44677734375, 6348.75146484375, 4360.6884765625, 4610.48095703125, 4113.5234375, 5141.990234375, 6772.76025390625, 4298.71533203125, 5045.80322265625, 10026.74609375, 4741.08984375, 4310.5771484375, 6599.64404296875, 6287.76904296875, 5707.2578125, 4691.36083984375, 4267.7685546875, 5028.58154296875, 4126.763671875, 3977.744384765625, 4143.8271484375, 4063.383056640625, 6413.64697265625, 5146.6982421875, 3670.577392578125, 3895.143310546875, 4827.85595703125, 8224.607421875, 5561.05078125, 4355.9921875, 4767.88037109375, 4750.041015625, 5959.9375, 3699.763916015625, 5080.43896484375, 3749.88037109375, 4230.33203125, 18016.6171875, 6445.10302734375, 5959.873046875]}