{"loss": [13090.9404296875, 6721.4091796875, 5745.65380859375, 5464.45849609375, 5251.7412109375, 5203.22265625, 4994.4423828125, 4503.48681640625, 4464.85205078125, 4503.9130859375, 4074.968994140625, 3922.68994140625, 4289.73046875, 4339.63818359375, 4136.7265625, 4141.07958984375, 3809.0107421875, 3907.146728515625, 3630.25830078125, 3711.571044921875, 3870.334228515625, 4438.4228515625, 4426.43896484375, 3852.87646484375, 4111.8173828125, 4082.57763671875, 3812.361572265625, 4655.65478515625, 3597.052490234375, 3789.202392578125, 3644.87158203125, 3765.945068359375, 3867.006591796875, 3317.453125, 3392.1279296875, 3445.469970703125, 3533.002197265625, 3568.001220703125, 3340.502685546875, 3081.9833984375, 3362.553466796875, 3432.001220703125, 3203.761474609375, 3486.25830078125, 3302.02880859375, 3042.75244140625, 3295.056884765625, 2966.3388671875, 3214.00439453125, 3514.16845703125, 3660.828125, 3485.07470703125, 3597.4306640625, 3279.861083984375, 3259.503662109375, 3181.29541015625, 3076.173095703125, 3140.957275390625, 3650.310791015625, 3282.351806640625, 3135.755615234375, 3464.225341796875, 3072.25048828125, 3038.851318359375, 3167.516845703125, 3351.104248046875, 3132.427001953125, 2941.015380859375, 2874.702392578125, 3278.580322265625, 2868.40234375, 2969.184326171875, 3676.86083984375, 3487.489501953125, 3037.217041015625, 2846.02880859375, 2958.616455078125, 3046.84326171875, 2879.90576171875, 3007.46435546875, 2999.185791015625, 3239.788330078125, 3248.328857421875, 3262.094970703125, 3231.587158203125, 3031.431640625, 3006.866455078125, 2877.59130859375, 3068.27587890625, 3341.240966796875, 3569.131591796875, 3250.047119140625, 3349.06494140625, 3492.454345703125, 3112.56201171875, 2959.032470703125, 2746.718505859375, 3093.207275390625, 2830.351318359375, 2892.30859375], "val_loss": [6144.25927734375, 5240.65185546875, 4373.0107421875, 4679.185546875, 3981.8662109375, 4324.4716796875, 3714.55029296875, 3521.363525390625, 3547.938720703125, 3452.21533203125, 3218.65087890625, 3504.843505859375, 3510.14990234375, 3278.40380859375, 3316.680908203125, 3479.3701171875, 3342.72998046875, 3283.728271484375, 3004.786865234375, 3394.3544921875, 3232.971923828125, 4038.241455078125, 3422.2744140625, 2982.997314453125, 3227.051513671875, 3163.35107421875, 3068.09228515625, 3392.6611328125, 3440.416748046875, 3141.1640625, 3185.842529296875, 3180.262451171875, 3001.108154296875, 2977.61669921875, 3020.810791015625, 3245.7958984375, 3709.5234375, 3251.140625, 2966.1025390625, 3037.838623046875, 2971.908935546875, 3235.0126953125, 3010.784423828125, 3694.4375, 3068.67333984375, 2873.57421875, 2902.87109375, 2763.3916015625, 3180.863037109375, 2887.117919921875, 3380.12158203125, 2875.29296875, 3172.632080078125, 2935.718505859375, 2832.74560546875, 3224.988525390625, 2930.724609375, 3216.89306640625, 2873.455078125, 3171.27099609375, 3000.44140625, 3086.2529296875, 3341.447265625, 3603.478515625, 3463.825439453125, 3399.1728515625, 3126.64111328125, 2824.49462890625, 3198.16943359375, 2852.8583984375, 2946.67431640625, 3157.131103515625, 2900.008544921875, 3172.064697265625, 3074.435546875, 3052.72119140625, 3204.461669921875, 2889.091796875, 2951.53515625, 2793.73046875, 2877.8759765625, 2973.830078125, 2983.449462890625, 2895.26220703125, 2951.922119140625, 3154.89794921875, 2966.93115234375, 2843.054931640625, 3055.2041015625, 3467.927001953125, 2827.052734375, 2840.686279296875, 3557.31884765625, 2844.731201171875, 2991.63671875, 2779.59423828125, 2780.981689453125, 3044.9228515625, 3016.9267578125, 3206.408203125]}