{"loss": [4696.87060546875, 2137.315673828125, 1744.4671630859375, 1550.55224609375, 1382.3463134765625, 1368.5191650390625, 1292.9283447265625, 1196.415771484375, 1177.5550537109375, 1207.0494384765625, 1159.190673828125, 1122.105712890625, 1050.58984375, 1106.263671875, 1136.1126708984375, 1072.506103515625, 1064.372314453125, 1023.7188110351562, 989.4404296875, 998.9064331054688, 1044.188232421875, 1004.7264404296875, 940.3770751953125, 907.6051025390625, 937.950927734375, 1038.430908203125, 995.6536865234375, 920.0126342773438, 877.7152709960938, 873.9867553710938, 933.8056030273438, 902.8963623046875, 874.6105346679688, 1038.76806640625, 981.7063598632812, 922.219482421875, 902.7255859375, 861.642333984375, 935.2461547851562, 881.9755859375, 891.3577880859375, 811.3973388671875, 963.239501953125, 853.1629638671875, 805.1319580078125, 835.4337158203125, 1008.8724975585938, 872.2198486328125, 916.350830078125, 977.1707153320312, 899.3259887695312, 857.6134033203125, 801.9320068359375, 853.4053344726562, 818.8735961914062, 835.71630859375, 827.8699340820312, 828.0159912109375, 794.7681884765625, 755.1254272460938, 821.0550537109375, 791.8428344726562, 798.8350830078125, 809.0308837890625, 785.8198852539062, 870.9591674804688, 785.5785522460938, 790.6716918945312, 916.8177490234375, 763.873291015625, 786.6490478515625, 816.7590942382812, 800.7841186523438, 1006.3095703125, 786.6956176757812, 796.7861938476562, 783.7373046875, 750.51220703125, 755.2379150390625, 744.1471557617188, 757.9395751953125, 821.001953125, 772.97314453125, 778.488037109375, 809.6256103515625, 755.5506591796875, 784.6979370117188, 756.2902221679688, 912.2745361328125, 807.7999267578125, 788.4700317382812, 863.234375, 718.6642456054688, 782.98095703125, 780.1494750976562, 774.7942504882812, 732.129150390625, 717.9607543945312, 754.882080078125, 770.5405883789062], "val_loss": [2213.340087890625, 1733.347412109375, 1303.99609375, 1248.10888671875, 1203.9400634765625, 1230.9215087890625, 1136.6837158203125, 1080.4345703125, 1182.1134033203125, 1031.0089111328125, 1023.0213012695312, 999.91796875, 1073.2584228515625, 1069.529296875, 1279.5439453125, 956.7167358398438, 1054.8172607421875, 1026.8363037109375, 964.80126953125, 948.876708984375, 987.574462890625, 940.542724609375, 911.6961669921875, 988.5477905273438, 1083.6419677734375, 940.1349487304688, 958.4979248046875, 867.9674072265625, 864.249755859375, 875.647705078125, 960.2459106445312, 858.7769775390625, 910.431640625, 1037.58837890625, 924.4931030273438, 943.0556030273438, 880.5781860351562, 892.8565063476562, 841.1168823242188, 910.7115478515625, 798.879638671875, 827.2743530273438, 829.3405151367188, 803.66015625, 833.0226440429688, 937.4049072265625, 1174.9132080078125, 921.851806640625, 1042.797119140625, 1008.2073974609375, 907.2576904296875, 863.306884765625, 849.3759765625, 802.2033081054688, 893.9735717773438, 816.3941040039062, 842.1594848632812, 805.089599609375, 799.6656494140625, 869.9501342773438, 831.3876953125, 853.7738647460938, 849.8779907226562, 792.0681762695312, 851.5133056640625, 793.8930053710938, 854.8214721679688, 976.0320434570312, 865.7808227539062, 878.249267578125, 752.4937133789062, 796.23828125, 839.4078369140625, 965.06787109375, 844.5362548828125, 854.3533935546875, 835.9456787109375, 762.2167358398438, 759.0971069335938, 766.04248046875, 837.3336791992188, 812.2888793945312, 842.6773071289062, 812.5960083007812, 840.0332641601562, 797.4114990234375, 869.9683227539062, 798.2788696289062, 922.5094604492188, 746.8328857421875, 976.136962890625, 880.0619506835938, 903.62060546875, 789.6529541015625, 818.3616943359375, 750.6450805664062, 792.0757446289062, 848.4781494140625, 817.7937622070312, 879.7190551757812]}