{"loss": [22308.3046875, 11266.8427734375, 8904.083984375, 11070.171875, 10115.7041015625, 6838.33349609375, 6960.978515625, 6531.44775390625, 5511.76806640625, 5673.0361328125, 5879.3662109375, 6385.873046875, 7010.1552734375, 5324.8349609375, 6378.42919921875, 5948.73974609375, 5550.30029296875, 5706.212890625, 5554.7548828125, 6316.3662109375, 4281.66943359375, 4675.294921875, 5421.7236328125, 5167.81201171875, 5022.47412109375, 4536.82861328125, 6421.9501953125, 6424.55615234375, 6698.5732421875, 5647.07958984375, 5919.849609375, 4879.15478515625, 5230.89306640625, 4377.2919921875, 6931.0478515625, 7327.4423828125, 6628.7919921875, 3925.6650390625, 4178.052734375, 4915.83544921875, 3732.979736328125, 5673.87841796875, 4664.5576171875, 4177.03515625, 4091.1328125, 4006.780517578125, 3618.18701171875, 5143.7158203125, 5109.2216796875, 3832.08642578125, 4563.267578125, 4707.01171875, 3850.430419921875, 3365.2890625, 3593.286865234375, 4065.7412109375, 4361.84912109375, 4723.0498046875, 5673.6943359375, 4584.689453125, 4884.48779296875, 4401.68603515625, 5083.25830078125, 4074.658935546875, 4321.2734375, 3219.6923828125, 4971.5185546875, 4322.49755859375, 3310.3828125, 4153.95751953125, 4057.3916015625, 3968.033447265625, 3962.6748046875, 6179.88671875, 10608.466796875, 6978.693359375, 7267.97119140625, 5873.42333984375, 4263.72607421875, 4499.02001953125, 3694.840576171875, 5527.01220703125, 5515.02685546875, 5614.06005859375, 5756.77392578125, 4665.71142578125, 4587.36181640625, 4843.6826171875, 4176.267578125, 5212.2744140625, 3945.47998046875, 4434.82763671875, 4301.2451171875, 5095.84716796875, 4842.42626953125, 4128.33154296875, 4398.10693359375, 4205.24853515625, 5115.60986328125, 4562.28662109375], "val_loss": [17649.099609375, 5303.18505859375, 7450.302734375, 5884.599609375, 5764.96826171875, 5518.544921875, 4602.2646484375, 3905.722412109375, 3671.646484375, 3663.3916015625, 5482.53076171875, 4080.77587890625, 4155.0419921875, 4031.74951171875, 4760.17138671875, 4441.55615234375, 3565.50537109375, 3441.89794921875, 4269.92822265625, 3333.792724609375, 3126.947509765625, 3529.9384765625, 3148.580322265625, 3330.924560546875, 3781.295654296875, 2996.1484375, 4376.99658203125, 4260.6923828125, 5010.16845703125, 3420.857666015625, 3409.656982421875, 2937.4482421875, 4166.3095703125, 8285.1181640625, 3817.3935546875, 3772.8037109375, 3367.97412109375, 4667.39697265625, 3481.946533203125, 3313.4521484375, 3970.416259765625, 4106.83203125, 4978.1474609375, 2908.84521484375, 2762.731201171875, 4212.94873046875, 3070.806884765625, 3376.32763671875, 2475.00537109375, 3854.64892578125, 4656.1748046875, 2604.394775390625, 2423.557861328125, 2596.46630859375, 2918.151123046875, 3468.708251953125, 2532.44091796875, 7339.16748046875, 4141.5390625, 2872.66455078125, 3687.564697265625, 2651.14990234375, 2945.068359375, 2526.928955078125, 2661.697998046875, 2394.202880859375, 3297.018310546875, 2532.722412109375, 2605.973388671875, 2859.472900390625, 3091.953369140625, 4026.90576171875, 2668.65087890625, 14554.3251953125, 5678.98681640625, 4267.26513671875, 5053.9921875, 3612.231689453125, 3388.2685546875, 3629.530029296875, 2751.3271484375, 3020.632080078125, 4847.12451171875, 3327.41796875, 4973.14111328125, 3423.749267578125, 4389.93017578125, 2945.83203125, 7082.86181640625, 2940.01953125, 2466.677490234375, 5168.474609375, 6892.62548828125, 3320.214599609375, 5712.87548828125, 2292.150146484375, 5100.57568359375, 3157.308349609375, 3493.193359375, 3255.620849609375]}