{"loss": [1229.847412109375, 796.9214477539062, 694.4384155273438, 660.9558715820312, 626.460693359375, 629.842041015625, 601.06591796875, 548.244140625, 535.8368530273438, 523.0269165039062, 543.5808715820312, 569.7923583984375, 562.9055786132812, 498.7982482910156, 491.6361999511719, 532.5853271484375, 482.9886779785156, 489.9579772949219, 476.4566345214844, 483.1120300292969, 451.6181335449219, 481.9652099609375, 484.49237060546875, 463.7896423339844, 474.62432861328125, 472.1555480957031, 442.86749267578125, 506.30914306640625, 496.4561462402344, 635.0712280273438, 504.5625305175781, 595.3180541992188, 542.8278198242188, 513.43701171875, 491.11798095703125, 460.5619201660156, 481.70458984375, 491.55047607421875, 468.1273193359375, 457.4068603515625, 453.421142578125, 521.7313842773438, 453.866943359375, 458.4480285644531, 460.3327331542969, 429.93780517578125, 443.880615234375, 447.8536376953125, 519.04541015625, 445.97314453125, 419.1475830078125, 433.0264892578125, 419.0668029785156, 414.6179504394531, 475.9015197753906, 433.6480712890625, 501.7813415527344, 438.7632141113281, 465.6133728027344, 517.5255126953125, 509.81622314453125, 487.58935546875, 539.222412109375, 482.1410827636719, 458.1289978027344, 454.6188659667969, 439.7299499511719, 406.8460693359375, 419.0272216796875, 416.2833557128906, 441.5799865722656, 487.16790771484375, 416.8346252441406, 409.2889709472656, 429.35601806640625, 514.2710571289062, 419.1933288574219, 412.2886962890625, 404.6805725097656, 399.19482421875, 461.57568359375, 403.4103088378906, 384.33038330078125, 394.5665283203125, 422.1143798828125, 385.16668701171875, 439.80291748046875, 453.0849914550781, 391.264892578125, 427.83929443359375, 397.33599853515625, 407.088134765625, 375.2268371582031, 404.3349609375, 409.2947082519531, 377.33203125, 381.1827697753906, 368.0152893066406, 381.9259338378906, 375.5610046386719], "val_loss": [792.2452392578125, 619.8631591796875, 632.6890869140625, 525.3167114257812, 526.9833374023438, 551.7543334960938, 542.8782348632812, 590.1366577148438, 620.53759765625, 489.9078063964844, 595.1575927734375, 504.7986145019531, 492.6520690917969, 477.5064697265625, 508.165771484375, 500.95379638671875, 498.22076416015625, 486.5436096191406, 518.1705932617188, 458.2217712402344, 466.3899230957031, 478.2973937988281, 470.6260681152344, 508.1015930175781, 499.8220520019531, 444.443115234375, 452.94976806640625, 472.075439453125, 661.71875, 486.7544250488281, 501.4150085449219, 527.6151123046875, 499.62237548828125, 483.2207946777344, 460.1376953125, 508.849609375, 602.0379028320312, 457.26885986328125, 501.26446533203125, 473.5099182128906, 481.23681640625, 480.2445068359375, 461.72906494140625, 457.9960632324219, 460.7387390136719, 444.41290283203125, 489.8575134277344, 512.2116088867188, 483.23760986328125, 435.89044189453125, 432.19256591796875, 476.1537170410156, 468.75750732421875, 446.711181640625, 458.9389953613281, 538.7662353515625, 443.8785095214844, 519.535888671875, 677.1182250976562, 592.3630981445312, 504.2146301269531, 511.9532470703125, 474.22821044921875, 468.3305358886719, 521.8724975585938, 441.1094055175781, 475.52337646484375, 429.1851806640625, 430.0921936035156, 459.8912048339844, 465.33782958984375, 444.26629638671875, 436.01043701171875, 432.5457458496094, 569.05029296875, 490.47894287109375, 426.4354553222656, 428.6727600097656, 431.0361328125, 429.9573974609375, 435.5223388671875, 418.876953125, 405.4491271972656, 415.6468811035156, 421.043212890625, 401.5242004394531, 412.2414855957031, 392.91229248046875, 413.4853820800781, 399.4654541015625, 442.4798889160156, 437.181884765625, 411.775634765625, 399.49041748046875, 401.4302978515625, 390.7964172363281, 394.3989562988281, 392.9909362792969, 402.55560302734375, 396.2646789550781]}