{"loss": [623.212158203125, 334.89935302734375, 293.5094299316406, 265.5539855957031, 255.20814514160156, 256.6899719238281, 233.71621704101562, 231.4494171142578, 221.5537109375, 213.79171752929688, 212.947509765625, 215.95010375976562, 204.8634796142578, 205.369140625, 203.9384307861328, 195.67205810546875, 195.72789001464844, 221.40521240234375, 189.80548095703125, 193.60914611816406, 200.1292266845703, 186.36087036132812, 183.10574340820312, 179.81146240234375, 162.62869262695312, 148.83892822265625, 150.64207458496094, 153.863525390625, 150.6033935546875, 156.40626525878906, 152.24020385742188, 155.2076416015625, 143.91986083984375, 149.7180938720703, 139.69154357910156, 140.10377502441406, 149.76019287109375, 142.59332275390625, 142.27906799316406, 143.1509246826172, 149.14344787597656, 145.368408203125, 149.12701416015625, 138.22340393066406, 149.26702880859375, 136.99224853515625, 137.50267028808594, 134.916259765625, 136.7270965576172, 145.66151428222656, 137.67005920410156, 142.7032012939453, 133.65155029296875, 149.40504455566406, 135.89991760253906, 145.04762268066406, 130.51112365722656, 134.86819458007812, 136.86534118652344, 129.0526580810547, 130.0015869140625, 133.392822265625, 131.55447387695312, 140.81192016601562, 130.85096740722656, 133.33607482910156, 130.31089782714844, 132.2917022705078, 129.20777893066406, 133.9950714111328, 129.7942657470703, 146.15350341796875, 132.30764770507812, 137.84164428710938, 141.22256469726562, 132.60992431640625, 129.6255645751953, 125.86405944824219, 129.417236328125, 133.24412536621094, 126.85858917236328, 125.76469421386719, 123.01419830322266, 128.80636596679688, 136.00799560546875, 130.63711547851562, 130.26295471191406, 130.31747436523438, 128.53948974609375, 131.13436889648438, 133.6350555419922, 128.91690063476562, 127.05461883544922, 126.89920806884766, 130.90866088867188, 122.27544403076172, 124.30776977539062, 134.67095947265625, 144.96466064453125, 124.9378433227539], "val_loss": [246.58685302734375, 197.750244140625, 195.9009552001953, 178.880126953125, 166.66151428222656, 166.81103515625, 155.97357177734375, 152.2801055908203, 156.63186645507812, 148.5076904296875, 154.10040283203125, 143.31625366210938, 137.08592224121094, 138.5283203125, 137.41636657714844, 133.38858032226562, 144.81362915039062, 136.17359924316406, 132.8402099609375, 130.2386016845703, 137.99838256835938, 125.65267181396484, 125.9111557006836, 131.6277313232422, 122.67625427246094, 117.45556640625, 118.78897857666016, 114.88546752929688, 127.01900482177734, 115.84071350097656, 135.95777893066406, 113.80809783935547, 116.00267791748047, 118.94031524658203, 109.97940063476562, 116.29016876220703, 115.9013900756836, 113.32089233398438, 116.76004028320312, 119.78388977050781, 112.81243896484375, 112.09211730957031, 107.21028900146484, 112.47871398925781, 111.50325012207031, 112.04595184326172, 112.62228393554688, 111.0077896118164, 116.90991973876953, 120.3663330078125, 118.65692138671875, 113.75299072265625, 108.09190368652344, 125.58781433105469, 106.86225891113281, 109.04528045654297, 108.58963012695312, 119.08250427246094, 108.37687683105469, 110.97442626953125, 108.09249114990234, 107.75153350830078, 110.87006378173828, 116.14765167236328, 127.95223236083984, 105.29029846191406, 111.04840087890625, 107.72931671142578, 107.40841674804688, 107.00884246826172, 107.40996551513672, 108.28843688964844, 105.05818939208984, 107.32279205322266, 124.21446228027344, 111.94568634033203, 108.75000762939453, 108.64105224609375, 116.4842300415039, 108.4729232788086, 113.88887786865234, 109.74217987060547, 110.99178314208984, 110.96890258789062, 108.65062713623047, 108.20452880859375, 109.58393096923828, 103.43112182617188, 105.17898559570312, 105.17789459228516, 107.80536651611328, 107.7041015625, 102.48948669433594, 104.09904479980469, 111.0662612915039, 110.03465270996094, 112.05519104003906, 101.82576751708984, 105.3663558959961, 110.79835510253906]}