{"loss": [1423.977783203125, 953.5916137695312, 778.7191162109375, 655.5323486328125, 628.9473876953125, 583.4859619140625, 598.6084594726562, 584.4450073242188, 532.3491821289062, 555.0106811523438, 537.0997314453125, 546.6455078125, 465.4334411621094, 466.40692138671875, 448.1216125488281, 421.91009521484375, 422.74505615234375, 416.54052734375, 402.10699462890625, 393.140625, 418.9064636230469, 460.82159423828125, 374.2947692871094, 363.2851257324219, 359.8988037109375, 378.3811950683594, 346.19915771484375, 347.293212890625, 424.3094177246094, 413.2332763671875, 357.7655944824219, 376.9652404785156, 341.602783203125, 372.8218078613281, 393.7847595214844, 333.66973876953125, 384.7270812988281, 375.6733703613281, 323.61328125, 376.6322326660156, 312.7030334472656, 333.8842468261719, 403.4283752441406, 343.5895690917969, 308.0959777832031, 329.8496398925781, 292.41046142578125, 306.6659240722656, 317.02667236328125, 349.34625244140625, 305.09259033203125, 334.10955810546875, 388.1438903808594, 337.1355285644531, 298.18621826171875, 303.865234375, 295.0672302246094, 323.3124694824219, 292.58819580078125, 398.6626892089844, 350.8379821777344, 304.6412658691406, 294.46435546875, 288.9480285644531, 295.33343505859375, 314.22613525390625, 282.5923156738281, 267.6793518066406, 256.013671875, 276.1085510253906, 288.2676696777344, 280.39862060546875, 307.0240478515625, 260.6587829589844, 260.3394470214844, 267.055908203125, 267.49853515625, 296.42437744140625, 289.20379638671875, 289.4598388671875, 278.95697021484375, 319.175048828125, 384.1924743652344, 266.1199645996094, 269.6100158691406, 256.12542724609375, 251.85784912109375, 352.3071594238281, 319.3559265136719, 323.24755859375, 264.2437438964844, 301.6451721191406, 278.9917907714844, 279.6912841796875, 347.84112548828125, 256.1295471191406, 261.2093200683594, 263.3246765136719, 259.3697814941406, 259.97686767578125], "val_loss": [822.9169921875, 704.3283081054688, 650.7355346679688, 579.11572265625, 542.629150390625, 557.0296020507812, 574.5096435546875, 507.91925048828125, 546.3364868164062, 578.667236328125, 493.5263977050781, 453.96734619140625, 448.5482177734375, 455.18243408203125, 424.02716064453125, 430.20513916015625, 445.3885192871094, 445.0965881347656, 419.1137390136719, 431.37811279296875, 448.92279052734375, 413.1727294921875, 404.6739196777344, 382.0960388183594, 406.43072509765625, 363.28680419921875, 369.6600646972656, 389.4928283691406, 409.4108581542969, 412.11865234375, 431.39794921875, 417.5034484863281, 411.9072265625, 389.6425476074219, 399.8271789550781, 364.95428466796875, 450.9844055175781, 387.3813171386719, 467.8524475097656, 381.1584167480469, 391.8285217285156, 359.37628173828125, 400.2391662597656, 347.13031005859375, 370.0971984863281, 350.19024658203125, 363.5363464355469, 361.19061279296875, 392.787109375, 378.399658203125, 382.6530456542969, 383.03326416015625, 389.6767272949219, 377.0920715332031, 393.29168701171875, 367.6539001464844, 393.64312744140625, 376.8799743652344, 346.3067321777344, 424.00244140625, 382.6294250488281, 362.95660400390625, 356.0529479980469, 384.8603515625, 425.7125244140625, 357.9861755371094, 408.8369445800781, 341.9493408203125, 373.2743835449219, 454.2485656738281, 347.34527587890625, 360.11749267578125, 355.0791320800781, 366.4783630371094, 356.5365295410156, 387.37744140625, 366.47967529296875, 355.7796325683594, 350.3815612792969, 345.0170593261719, 426.090576171875, 350.1686706542969, 391.32537841796875, 361.65069580078125, 371.9397888183594, 359.4484558105469, 352.1878356933594, 407.22735595703125, 375.1668701171875, 401.2373046875, 362.38323974609375, 408.27435302734375, 389.44561767578125, 450.171875, 358.7632141113281, 390.97772216796875, 382.7168884277344, 375.602294921875, 393.0896911621094, 386.4845886230469]}