{"loss": [6066.693359375, 5139.49658203125, 3554.78466796875, 2774.004638671875, 2624.406494140625, 2527.27294921875, 2513.599609375, 2397.478515625, 2542.566162109375, 2507.72021484375, 2426.899658203125, 2429.564697265625, 2380.81298828125, 2373.9462890625, 2332.325439453125, 2388.072998046875, 2308.65673828125, 2354.261962890625, 2442.440673828125, 2330.1396484375, 2284.4833984375, 2373.4228515625, 2517.817138671875, 2270.8251953125, 2423.222412109375, 2273.71337890625, 2265.739501953125, 2316.7060546875, 2263.91015625, 2280.37353515625, 2260.12841796875, 2375.5458984375, 2522.68603515625, 2344.16796875, 2382.390869140625, 2398.980224609375, 2672.444091796875, 2364.803955078125, 2261.328369140625, 2331.724609375, 2286.69287109375, 2240.3681640625, 2288.680908203125, 2261.55712890625, 2231.453125, 2560.94970703125, 2368.606201171875, 2380.6845703125, 2457.781005859375, 2240.31591796875, 2249.851806640625, 2223.854736328125, 2302.373779296875, 2273.091552734375, 2251.201171875, 2215.37646484375, 2218.350341796875, 2242.690185546875, 2310.2685546875, 2199.489990234375, 2246.43505859375, 2258.321044921875, 2335.569091796875, 2334.6376953125, 2349.156005859375, 2282.78271484375, 2281.577392578125, 2281.31005859375, 2193.4033203125, 2200.890625, 2292.629638671875, 2362.199951171875, 2190.773193359375, 2219.548828125, 2183.067138671875, 2211.7958984375, 2233.387451171875, 2228.900634765625, 2363.922607421875, 2248.575439453125, 2364.2490234375, 2507.6015625, 2691.431884765625, 2266.0458984375, 2394.166259765625, 2301.199951171875, 2191.349365234375, 2171.506591796875, 2218.910888671875, 2195.425048828125, 2351.41162109375, 2212.101318359375, 2267.405029296875, 2206.2060546875, 2197.78173828125, 2162.552001953125, 2204.603515625, 2270.43115234375, 2212.084228515625, 2328.69287109375], "val_loss": [8187.298828125, 6783.82861328125, 4411.64501953125, 3886.78271484375, 4243.5234375, 4165.5244140625, 3668.792724609375, 3619.213134765625, 3704.66796875, 3852.22314453125, 4212.68994140625, 3774.867919921875, 3695.328857421875, 3850.686767578125, 4040.06201171875, 3868.512939453125, 3937.900634765625, 3554.756103515625, 3989.96826171875, 3902.390380859375, 4311.8466796875, 4041.5302734375, 3910.385009765625, 3677.62255859375, 3780.69482421875, 3649.60107421875, 3549.11328125, 3807.7080078125, 4256.20751953125, 3722.340087890625, 4045.736083984375, 3653.5048828125, 3637.136474609375, 3867.9150390625, 4043.609619140625, 3875.97900390625, 3628.147705078125, 3577.642578125, 3874.161865234375, 3942.0859375, 3764.498779296875, 3718.205322265625, 3515.783203125, 3698.313232421875, 3481.89404296875, 3454.49951171875, 3757.037109375, 3483.425048828125, 3644.610595703125, 3506.26953125, 3528.9560546875, 3883.658447265625, 3443.593017578125, 3562.2587890625, 3528.28759765625, 3512.19873046875, 3666.787109375, 3538.674072265625, 3509.947998046875, 3457.26611328125, 3734.919921875, 4111.9853515625, 3793.06494140625, 3599.789306640625, 3479.342041015625, 3894.983154296875, 3533.586669921875, 3782.9091796875, 3778.31494140625, 3516.796142578125, 3840.994140625, 3526.17626953125, 3420.39453125, 3470.794921875, 3481.310546875, 3508.487548828125, 3504.465087890625, 3834.284423828125, 3577.607666015625, 3550.284912109375, 4339.92041015625, 3770.966064453125, 3677.260498046875, 3661.99169921875, 3938.016357421875, 3583.2734375, 3622.2021484375, 3688.712646484375, 3515.063720703125, 3659.603271484375, 3705.1201171875, 3506.407470703125, 4024.090576171875, 3495.706787109375, 3857.944091796875, 3571.2861328125, 3841.0244140625, 3865.756591796875, 3562.492431640625, 4247.7109375]}