{"loss": [4346.02685546875, 2739.6552734375, 2303.173828125, 2130.1240234375, 1946.853271484375, 1865.758544921875, 1798.215087890625, 1856.4029541015625, 1756.541259765625, 1694.3309326171875, 1800.046875, 1613.85498046875, 1608.8956298828125, 1597.3447265625, 1504.8265380859375, 1536.9134521484375, 1501.7301025390625, 1425.202880859375, 1449.1802978515625, 1561.3111572265625, 1480.5130615234375, 1407.6650390625, 1333.9970703125, 1325.5343017578125, 1466.7354736328125, 1360.5538330078125, 1410.2935791015625, 1354.0277099609375, 1298.182861328125, 1313.2789306640625, 1302.57421875, 1348.2684326171875, 1319.4365234375, 1318.0015869140625, 1283.5736083984375, 1271.2701416015625, 1277.590576171875, 1236.8463134765625, 1256.772216796875, 1312.01416015625, 1399.74462890625, 1270.9334716796875, 1216.9248046875, 1237.25146484375, 1325.826171875, 1252.9459228515625, 1348.6259765625, 1222.1219482421875, 1262.174560546875, 1239.83154296875, 1216.7509765625, 1252.0157470703125, 1274.6597900390625, 1214.9671630859375, 1165.1685791015625, 1175.272705078125, 1190.59033203125, 1187.331787109375, 1376.86328125, 1310.9361572265625, 1256.8770751953125, 1197.7470703125, 1303.420166015625, 1190.7120361328125, 1176.722900390625, 1239.018798828125, 1234.0972900390625, 1139.13427734375, 1174.90185546875, 1186.4224853515625, 1126.191650390625, 1136.9847412109375, 1157.6396484375, 1279.9112548828125, 1158.725830078125, 1132.39453125, 1225.482666015625, 1160.4345703125, 1253.689697265625, 1102.96484375, 1116.738037109375, 1231.761962890625, 1368.2860107421875, 1178.03125, 1177.376220703125, 1219.292724609375, 1243.461669921875, 1161.837158203125, 1122.33544921875, 1171.5096435546875, 1128.878662109375, 1212.6898193359375, 1134.38671875, 1173.6082763671875, 1165.98681640625, 1258.88818359375, 1198.9925537109375, 1134.540283203125, 1129.47216796875, 1173.6951904296875], "val_loss": [2368.11962890625, 1649.7005615234375, 1428.0645751953125, 1429.190673828125, 1267.6475830078125, 1278.1829833984375, 1388.3919677734375, 1563.1790771484375, 1204.469970703125, 1203.0594482421875, 1280.927490234375, 1106.7347412109375, 1191.6990966796875, 1059.853759765625, 1216.7569580078125, 1145.913818359375, 1147.057373046875, 1007.1454467773438, 1184.1104736328125, 1187.1046142578125, 1053.4053955078125, 1046.9954833984375, 1029.07861328125, 1064.98046875, 1126.0057373046875, 1027.00634765625, 990.3892211914062, 1053.665283203125, 1006.3871459960938, 1022.5231323242188, 1085.554931640625, 1001.6937255859375, 1135.831787109375, 986.840087890625, 982.643798828125, 1044.6737060546875, 968.26220703125, 1004.2387084960938, 1028.6766357421875, 995.192138671875, 1029.5155029296875, 1126.8922119140625, 952.3760375976562, 961.1737060546875, 1068.9725341796875, 1023.571533203125, 1084.7408447265625, 1089.42529296875, 1034.3648681640625, 1089.2459716796875, 1137.7138671875, 1042.4803466796875, 990.4178466796875, 1015.7728881835938, 1052.57666015625, 1044.085205078125, 987.5418701171875, 951.1917724609375, 1212.428466796875, 976.5023193359375, 939.8396606445312, 1007.6288452148438, 968.7054443359375, 1045.24365234375, 1011.164794921875, 1041.90625, 1003.0601196289062, 1000.7092895507812, 1056.2689208984375, 1052.711669921875, 965.5946044921875, 984.283935546875, 1624.7177734375, 1101.756591796875, 954.3157348632812, 1001.6658325195312, 959.4132080078125, 1014.5278930664062, 1036.6688232421875, 979.3040161132812, 922.3118896484375, 978.2645263671875, 1019.7859497070312, 998.5598754882812, 1024.6444091796875, 1001.3851318359375, 1000.7584228515625, 1014.0208740234375, 933.89501953125, 1014.3068237304688, 985.3866577148438, 998.7352905273438, 1009.9993286132812, 1129.990966796875, 956.6879272460938, 1044.2559814453125, 966.6693115234375, 982.6393432617188, 982.3018188476562, 1012.5770263671875]}