{
  "genInfo": {
    "inFrmPth": "/home/hector/Documents/tesis/source_material/imgs/seattle14.jpg",
    "outCamMatPth": "./data/EDA/calibration14.txt",
    "outCalDispPth": "./data/EDA/calibration14.jpg",
    "outCalDispFlg": 1,
    "rszFrmHei": -1
  },
  "camCal": {
    "calSel2dPtFlg": 0,
    "edaOptFlg": 1,
    "cal2dPtLs": [
      [
        503,
        797
      ],
      [
        408,
        178
      ],
      [
        780,
        175
      ],
      [
        1349,
        687
      ]
    ],
    "cal3dPtLs": [
      [
        47.61844806004535,
        -122.3342194611766
      ],
      [
        47.617938658609724,
        -122.33420806178592
      ],
      [
        47.618093694353036,
        -122.33444074340593
      ],
      [
        47.61844896403636,
        -122.33441861518564
      ]
    ],
    "calTyp": 0,
    "calRansacReprojThld": 100.0,
    "calDispGrdDim": [
      10,
      10
    ],
    "calDistFlg": 0,
    "calDistCoeff": [
      0.0,
      0.0,
      0.0,
      0.0
    ],
    "calFocLen": [
      -1
    ],
    "calPrinPt": [
      -1,
      -1
    ]
  }
}