{
  "genInfo": {
    "inFrmPth": "/home/hector/Documents/tesis/source_material/imgs/seattle1.jpg",
    "outCamMatPth": "./data/EDA/calibration1.txt",
    "outCalDispPth": "./data/EDA/calibration1.jpg",
    "outCalDispFlg": 1,
    "rszFrmHei": -1
  },
  "camCal": {
    "calSel2dPtFlg": 0,
    "edaOptFlg": 1,
    "cal2dPtLs": [
      [
        404,
        461
      ],
      [
        656,
        211
      ],
      [
        846,
        219
      ],
      [
        1108,
        500
      ],
      [
        777,
        346
      ],
      [
        770,
        274
      ],
      [
        712,
        147
      ],
      [
        766,
        148
      ]
    ],
    "cal3dPtLs": [
      [
        47.60451460509246,
        -122.33465669797755
      ],
      [
        47.605041769652324,
        -122.33515424776157
      ],
      [
        47.60511320320508,
        -122.33497588086858
      ],
      [
        47.6045815182115,
        -122.33449174212916
      ],
      [
        47.6046638031492,
        -122.33466340350564
      ],
      [
        47.60479582046593,
        -122.33478276180247
      ],
      [
        47.60575971763516,
        -122.33579261347401
      ],
      [
        47.60580538024194,
        -122.33564643308891
      ]
    ],
    "calTyp": 0,
    "calRansacReprojThld": 100.0,
    "calDispGrdDim": [
      10,
      10
    ],
    "calDistFlg": 0,
    "calDistCoeff": [
      0.0,
      0.0,
      0.0,
      0.0
    ],
    "calFocLen": [
      -1
    ],
    "calPrinPt": [
      -1,
      -1
    ],
    "inFrmPth": "/home/hector/Documents/tesis/source_material/imgs/seattle1.jpg"
  }
}