{
  "genInfo": {
    "inFrmPth": "/home/hector/Documents/tesis/source_material/imgs/seattle13.jpg",
    "outCamMatPth": "./data/EDA/calibration13.txt",
    "outCalDispPth": "./data/EDA/calibration13.jpg",
    "outCalDispFlg": 1,
    "rszFrmHei": -1
  },
  "camCal": {
    "calSel2dPtFlg": 0,
    "edaOptFlg": 1,
    "cal2dPtLs": [
      [
        703,
        928
      ],
      [
        827,
        350
      ],
      [
        958,
        346
      ],
      [
        1727,
        884
      ]
    ],
    "cal3dPtLs": [
      [
        47.60621664771064,
        -122.3377667353956
      ],
      [
        47.60772011940337,
        -122.33912694943842
      ],
      [
        47.60778087117011,
        -122.3389499209841
      ],
      [
        47.60629237407901,
        -122.33759043941919
      ]
    ],
    "calTyp": 0,
    "calRansacReprojThld": 100.0,
    "calDispGrdDim": [
      10,
      10
    ],
    "calDistFlg": 0,
    "calDistCoeff": [
      0.0,
      0.0,
      0.0,
      0.0
    ],
    "calFocLen": [
      -1
    ],
    "calPrinPt": [
      -1,
      -1
    ]
  }
}